"","ActNonSanteType","V1","perc"
"1","",3,0.00169395821569735
"2","Agriculture / elevage",584,0.329757199322417
"3","Autre",85,0.0479954827780915
"4","enseignement",11,0.0062111801242236
"5","Location Maison",31,0.0175042348955392
"6","minier",4,0.00225861095426313
"7","Negoce / commerce",222,0.125352907961604
"8","Taxi",17,0.00959909655561829
