"","bandundu_Salaire","equateur_Prime de Risque","katanga_Prime Locale","sud_kivu_Heures supplémentaires","bandundu_Prime de Partenaire","equateur_Per Diem","katanga_Activité  Privée","sud_kivu_Autres revenus","Cadre"
"1",NA,43.0715059588299,151.238198421297,NA,7.70855904658722,NA,62.0837847598411,198.108342361863,"infirmier"
"2",73.2977748145679,22.8421812928855,98.9573525066483,NA,8.79092933670399,4.2361863488624,94.8201516793067,66.8855904658722,"medecin"
"3",90.8015667972331,19.5443517006699,51.1800692820893,10.1529948924315,10.3783376028999,7.29599935797118,60.5782773564464,76.5520416931296,"administrateur"
"4",72.7004333694475,21.6684723726977,63.8693048982152,2.00541711809317,6.81119537739256,32.9907908992415,92.2968580715061,45.1169375225713,"labo"
"5",75.839653304442,NA,84.0845070422535,NA,NA,28.3333333333333,191.064709937949,131.5872156013,"pharmacien"
"6",NA,20.2600216684724,35.0595882990249,NA,5,3.45618153364632,60.5352112676056,76.9122426868906,"autre"
