"","bandundu_Salaire","equateur_Salaire","katanga_Salaire","sud_kivu_Salaire","bandundu_Prime de Risque","equateur_Prime de Risque","katanga_Prime de Risque","sud_kivu_Prime de Risque","bandundu_Prime Locale","equateur_Prime Locale","katanga_Prime Locale","sud_kivu_Prime Locale","Cadre"
"1",NA,NA,93.1744312026003,89.5991332611051,NA,43.0715059588299,21.6684723726977,13.8271939328277,66.2638136511376,52.0043336944746,42.5650054171181,124.917265832759,"administrateur"
"2",73.7604648872255,41.5330444203683,127.57269772481,NA,16.5824003852173,22.8421812928855,18.0931744312026,12.545639219935,11.319822782851,8.43716143011918,111.517293107759,39.590670844192,"autre"
"3",91.9942217407006,75.2651536750869,172.806823049208,76.2063505292108,15.7728952902938,19.5443517006699,13.6291550865954,14.7821710999281,21.2086093695422,19.141355895155,47.8716566224269,68.8883823947504,"infirmier"
"4",71.8364030335862,NA,131.423185265439,73.6728060671723,11.2177681473456,21.6684723726977,20.2058504875406,17.5824175824176,29.4068857589984,24.3770314192849,39.7216955579632,63.1739668781922,"labo"
"5",75.839653304442,NA,311.917659804984,NA,NA,NA,97.5081256771398,NA,140.438786565547,148.808234019502,68.465872156013,213.333333333333,"medecin"
"6",NA,74.2686890574215,235.027085590466,NA,NA,20.2600216684724,12.795232936078,12.6302191849321,31.5276273022752,12.933369447454,26.6762970988323,50.4911330330159,"pharmacien"
