"","Role","Salaire","Prime de Risque","Prime de Partenaire","Per Diem","Prime Locale","Heures supplémentaires","Activité  Privée","Activité non santé","Informel"
"1","medecin",73.4377647452261,272.352457845895,40.1905969676823,52.8240514942658,198.573011715178,10.3305871053736,45.6495489369539,116.942445804239,27.7222872811772
"2","infirmier",10.1208440181744,9.12964099261483,14.7368168443675,18.7986412263072,35.9228150551245,0.401035622026623,2.7216489311851,25.9445745454355,7.90262510121311
"3","pharmacien",15.0098424576158,11.8940697402619,12.4830354361585,12.8745863341968,41.0576760562206,0.649786603674884,2.36804713980934,33.0491620205821,2.5774995202558
"4","labo",19.3637874284374,7.77378560261763,16.368965076262,14.4545999143879,45.5085764624315,0.702593890178484,3.47365240664534,26.3125501523976,8.20941972753066
"5","administrateur",14.7118405055299,11.1903487753978,17.4615244455335,11.4337276615676,77.1436074627128,0.734372600282284,2.73733243683348,39.7801731611566,8.23069158587223
"6","medecin_chef_zone",22.0641352271159,434.84187465215,135.203843122356,145.186250503572,68.042862215285,4.55246084278428,12.7859765912529,103.660164582609,101.21443659657
"7","infirmier_superviseur",30.037892715363,35.1927550648222,97.562582670022,98.8009776102342,36.7244973800627,0,10.7072185400747,59.3803658639271,14.294685236751
"8","administrateur_gestionnaire",7.98876558047997,23.5501819618107,62.9258863112575,63.7296801860951,52.4129968235851,0,1.39523891755967,46.7787571192944,9.67840642602789
"9","autre",7.43106801766889,6.63959181450088,9.95629300879259,14.6064253670364,32.1388667136462,0.130856061728476,1.01185177800872,28.9224284060822,7.07486151942621
