"","Role","Salaire","Prime de Risque","Prime de Partenaire","Per Diem","Prime Locale","Heures supplémentaires","Activité  Privée","Activité non santé","Informel"
"1","medecin",73.6110353166713,272.99505183237,40.2854234881717,52.9486856470102,199.041528960125,10.354961304906,45.757255420913,117.218362214291,18.2322569427832
"2","infirmier",10.2849179945769,9.27764608963006,14.975722624837,19.1033952380701,36.5051774647302,0.407537007589607,2.76577091959925,26.3651747941991,6.20348130877441
"3","pharmacien",15.0098424576158,11.8940697402619,12.4830354361585,12.8745863341968,41.0576760562206,0.649786603674884,2.36804713980934,33.0491620205821,2.5774995202558
"4","labo",19.7510011991922,7.9292364330584,16.6962919855227,14.7436456477336,46.4186023320516,0.716643519184728,3.54311433663396,26.8387169366767,5.66789367999272
"5","administrateur",15.0768123314202,11.4679593179652,17.8947105215597,11.7173759555935,79.057388628356,0.752590940041207,2.80524027047022,40.7670410127624,5.4425602053481
"6","medecin_chef_zone",24.1379785954529,475.713358113436,147.911868637374,158.832538458267,74.4383196902928,4.98035392045268,13.9877509861494,113.403349287903,9.38719164683281
"7","infirmier_superviseur",30.037892715363,35.1927550648222,97.562582670022,98.8009776102342,36.7244973800627,0,10.7072185400747,59.3803658639271,14.294685236751
"8","administrateur_gestionnaire",7.98876558047997,23.5501819618107,62.9258863112575,63.7296801860951,52.4129968235851,0,1.39523891755967,46.7787571192944,9.67840642602789
"9","autre",7.46497683983319,6.66988903928016,10.0017247244286,14.6730761740334,32.2855200767111,0.131453173061022,1.01646897461028,29.0544047894297,5.77428290660178
