"","Role","Salaire","Prime de Risque","Prime de Partenaire","Per Diem","Prime Locale","Heures supplémentaires","Activité  Privée","Activité non santé","Informel"
"1","medecin",73.4377647452261,272.329708908771,40.1905969676823,52.8273547365061,198.596170060556,10.3305871053736,45.6495489369539,116.942445804239,27.7185746306837
"2","infirmier",10.1685710699995,9.15418296848371,14.7961919389346,18.8741132195749,36.0770772299193,0.402464392467697,2.73310053111674,26.0588538029162,7.87033108710741
"3","pharmacien",15.0098424576158,11.8940697402619,12.4830354361585,12.8950247854535,40.9495825393259,0.649786603674884,2.36804713980934,33.000745733375,2.71357087310091
"4","labo",19.3656368206082,7.74337221025184,16.3396403140207,14.4018089874762,45.3806224135085,0.70269822693413,3.47513919502631,26.2866710839435,8.49345366308169
"5","administrateur",14.7118405055299,11.1986480916534,17.4821772471358,11.4389047712913,77.1335574043701,0.734372600282284,2.73733243683348,39.7804699450854,8.20631563270436
"6","medecin_chef_zone",22.1210341843066,435.173270280882,135.203843122356,145.216556774844,68.0953974634269,4.55246084278428,12.7859765912529,103.660164582609,100.743300491233
"7","infirmier_superviseur",30.037892715363,35.1966429407799,97.4808805606351,98.8462856838877,36.7276748036134,0,10.7060103849816,59.3571291532443,14.3484588387517
"8","administrateur_gestionnaire",7.98876558047997,23.6747001102703,62.939069105499,63.815540690328,52.5793711704752,0,1.39523891755967,46.7045826444247,9.36264510707356
"9","autre",7.43474596201468,6.63457757694273,9.95638511969213,14.5940170432515,32.1292174230715,0.130856061728476,1.01185177800872,28.9458230580009,7.07476866417992
