Role_french_graph,Salaire,Prime de Risque,Prime de Partenaire,Per Diem,Prime Locale,Activité  Privée,Activité non santé,Informel,
Autre,0.06506025,0.061507257,0.066058098,0.06326253,0.331051695,0.00541626,0.329631059,0.078012852,1
Infirmier (Fosa),0.078145331,0.088102389,0.081018406,0.087820142,0.319957727,0.023749415,0.239890005,0.081316584,1
Tech Labo,0.093677433,0.065695882,0.07873168,0.065661977,0.380915874,0.016202909,0.252248229,0.046866017,1
Pharm. / prep Pharm.,0.119816719,0.081605311,0.055074378,0.060297084,0.348673339,0.011093631,0.295622466,0.027817072,1
Admin (FoSa),0.066377053,0.043316906,0.045109723,0.024076271,0.490555465,0.015149683,0.280742509,0.034672388,1
Médecin (FoSa),0.09673223,0.392865367,0.054066658,0.033824728,0.193185104,0.084619046,0.113571497,0.03113537,1
