"","Role","median","max","min"
"1","administrateur",181.094257854821,1393.1570964247,19.501625135428
"2","administrateur_gestionnaire",268.45991332611,3820.92199349946,17.3347778981582
"3","autre",107.912242686891,2141.71180931745,3.7919826652221
"4","infirmier",123.29360780065,4908.34236186349,1.08342361863489
"5","infirmier_superviseur",382.700975081257,1817.75128949302,107.009437904671
"6","labo",137.563921993499,1010.17334777898,3.7919826652221
"7","medecin",814.307281107095,5615.49295774648,5.6713997956831
"8","medecin_chef_zone",1027.55200433369,2936.71722643554,27.0855904658722
"9","pharmacien",123.472372697725,704.227518959914,28.7107258938245
